/*
SQLyog Ultimate v10.00 Beta1
MySQL - 5.1.37-community : Database - movietest
*********************************************************************
*/

/*!40101 SET NAMES utf8 */;

/*!40101 SET SQL_MODE=''*/;

/*!40014 SET @OLD_UNIQUE_CHECKS=@@UNIQUE_CHECKS, UNIQUE_CHECKS=0 */;
/*!40014 SET @OLD_FOREIGN_KEY_CHECKS=@@FOREIGN_KEY_CHECKS, FOREIGN_KEY_CHECKS=0 */;
/*!40101 SET @OLD_SQL_MODE=@@SQL_MODE, SQL_MODE='NO_AUTO_VALUE_ON_ZERO' */;
/*!40111 SET @OLD_SQL_NOTES=@@SQL_NOTES, SQL_NOTES=0 */;
CREATE DATABASE /*!32312 IF NOT EXISTS*/`movietest` /*!40100 DEFAULT CHARACTER SET utf8 */;

USE `movietest`;

/*Table structure for table `mov_aspect` */

DROP TABLE IF EXISTS `mov_aspect`;

CREATE TABLE `mov_aspect` (
  `ma_id` int(2) NOT NULL AUTO_INCREMENT,
  `ma_name` varchar(10) DEFAULT NULL COMMENT '电影的某些方面',
  PRIMARY KEY (`ma_id`)
) ENGINE=InnoDB AUTO_INCREMENT=4 DEFAULT CHARSET=utf8;

/*Data for the table `mov_aspect` */

insert  into `mov_aspect`(`ma_id`,`ma_name`) values (1,'类型'),(2,'地区'),(3,'特点');

/*Table structure for table `mov_performer` */

DROP TABLE IF EXISTS `mov_performer`;

CREATE TABLE `mov_performer` (
  `mp_id` int(4) NOT NULL AUTO_INCREMENT,
  `mp_name` varchar(15) DEFAULT NULL,
  `mp_role` int(1) DEFAULT '1' COMMENT '0是导演，1是主演，2是其他演员',
  PRIMARY KEY (`mp_id`)
) ENGINE=InnoDB DEFAULT CHARSET=utf8;

/*Data for the table `mov_performer` */

/*Table structure for table `mov_performer_mov` */

DROP TABLE IF EXISTS `mov_performer_mov`;

CREATE TABLE `mov_performer_mov` (
  `mpm_id` int(7) NOT NULL AUTO_INCREMENT,
  `mov_id` int(7) DEFAULT NULL,
  `per_id` int(7) DEFAULT NULL,
  PRIMARY KEY (`mpm_id`),
  KEY `mov_id` (`mov_id`),
  KEY `per_id` (`per_id`),
  CONSTRAINT `mov_performer_mov_ibfk_1` FOREIGN KEY (`mov_id`) REFERENCES `movie` (`m_id`),
  CONSTRAINT `mov_performer_mov_ibfk_2` FOREIGN KEY (`per_id`) REFERENCES `mov_performer` (`mp_id`)
) ENGINE=InnoDB DEFAULT CHARSET=utf8;

/*Data for the table `mov_performer_mov` */

/*Table structure for table `mov_tag` */

DROP TABLE IF EXISTS `mov_tag`;

CREATE TABLE `mov_tag` (
  `mt_id` int(7) NOT NULL AUTO_INCREMENT,
  `asp_id` int(2) DEFAULT NULL,
  `mt_name` varchar(15) DEFAULT NULL,
  PRIMARY KEY (`mt_id`),
  KEY `asp_id` (`asp_id`),
  CONSTRAINT `mov_tag_ibfk_1` FOREIGN KEY (`asp_id`) REFERENCES `mov_aspect` (`ma_id`)
) ENGINE=InnoDB AUTO_INCREMENT=36 DEFAULT CHARSET=utf8;

/*Data for the table `mov_tag` */

insert  into `mov_tag`(`mt_id`,`asp_id`,`mt_name`) values (1,1,'喜剧'),(2,1,'动作'),(3,1,'爱情'),(4,1,'恐怖'),(5,1,'犯罪'),(6,1,'惊悚'),(7,1,'悬疑'),(8,1,'动画'),(9,1,'家庭'),(10,1,'科幻'),(11,1,'奇幻'),(12,1,'战争'),(13,1,'音乐'),(14,1,'传记'),(15,1,'冒险'),(16,1,'武侠'),(17,1,'运动'),(18,1,'纪录'),(19,2,'内地'),(20,2,'中国香港'),(21,2,'中国台湾'),(22,2,'英国'),(23,2,'法国'),(24,2,'德国'),(25,2,'美国'),(26,2,'韩国'),(27,2,'印度'),(28,2,'意大利'),(29,3,'独播'),(30,3,'院线'),(31,3,'蓝光'),(32,3,'奥斯卡'),(33,3,'原声'),(34,3,'粤语'),(35,3,'自制');

/*Table structure for table `mov_tag_mov` */

DROP TABLE IF EXISTS `mov_tag_mov`;

CREATE TABLE `mov_tag_mov` (
  `mtm_id` int(7) NOT NULL AUTO_INCREMENT,
  `mov_id` int(7) DEFAULT NULL,
  `tag_id` int(7) DEFAULT NULL,
  PRIMARY KEY (`mtm_id`),
  KEY `mov_id` (`mov_id`),
  KEY `tag_id` (`tag_id`),
  CONSTRAINT `mov_tag_mov_ibfk_1` FOREIGN KEY (`mov_id`) REFERENCES `movie` (`m_id`),
  CONSTRAINT `mov_tag_mov_ibfk_2` FOREIGN KEY (`tag_id`) REFERENCES `mov_tag` (`mt_id`)
) ENGINE=InnoDB AUTO_INCREMENT=575 DEFAULT CHARSET=utf8;

/*Data for the table `mov_tag_mov` */

insert  into `mov_tag_mov`(`mtm_id`,`mov_id`,`tag_id`) values (1,1,3),(2,2,3),(3,3,3),(4,4,3),(5,5,3),(6,6,3),(7,7,3),(8,8,3),(9,9,3),(10,10,3),(11,11,3),(12,12,3),(13,13,3),(14,14,3),(15,15,3),(16,16,3),(17,17,3),(18,18,3),(19,19,3),(20,20,3),(21,21,3),(22,22,3),(23,23,3),(24,24,3),(25,25,3),(26,26,3),(27,27,3),(28,28,3),(29,29,3),(30,30,3),(31,1,1),(32,2,1),(33,3,1),(34,15,1),(35,24,1),(36,25,1),(37,28,1),(38,31,1),(39,32,1),(40,33,1),(41,34,1),(42,35,1),(43,36,1),(44,37,1),(45,38,1),(46,39,1),(47,40,1),(48,41,1),(49,42,1),(50,43,1),(51,44,1),(52,45,1),(53,46,1),(54,47,1),(55,48,1),(56,49,1),(57,50,1),(58,51,1),(59,52,1),(60,53,1),(64,30,1),(65,54,14),(66,55,14),(67,56,14),(68,57,14),(69,58,14),(70,59,14),(71,60,14),(72,61,14),(73,62,14),(74,63,14),(75,64,14),(76,65,14),(77,66,14),(78,67,14),(79,68,14),(80,69,14),(81,70,14),(82,71,14),(83,72,14),(84,73,14),(85,74,14),(86,75,14),(87,76,14),(88,77,14),(89,78,14),(90,79,14),(91,80,14),(92,81,14),(93,82,14),(94,83,14),(95,34,8),(96,37,8),(97,39,8),(98,43,8),(99,51,8),(100,13,8),(101,18,8),(102,52,8),(103,53,8),(104,84,8),(105,85,8),(106,86,8),(107,87,8),(108,88,8),(109,89,8),(110,90,8),(111,91,8),(112,92,8),(113,93,8),(114,94,8),(115,95,8),(116,96,8),(117,97,8),(118,98,8),(119,99,8),(120,100,8),(121,101,8),(122,102,8),(123,103,8),(124,104,8),(125,54,2),(126,32,2),(127,84,2),(128,26,2),(129,39,2),(130,41,2),(131,7,2),(132,42,2),(133,46,2),(134,48,2),(135,50,2),(136,105,2),(137,106,2),(138,107,2),(139,108,2),(140,109,2),(141,110,2),(142,111,2),(143,112,2),(144,113,2),(145,114,2),(146,115,2),(147,116,2),(148,117,2),(149,118,2),(150,119,2),(151,120,2),(152,121,2),(153,122,2),(154,123,2),(155,41,5),(156,108,5),(157,3,5),(158,5,5),(159,113,5),(160,114,5),(161,50,5),(162,122,5),(163,124,5),(164,125,5),(165,126,5),(166,127,5),(167,128,5),(168,129,5),(169,130,5),(170,131,5),(171,132,5),(172,133,5),(173,134,5),(174,135,5),(175,136,5),(176,137,5),(177,138,5),(178,139,5),(179,140,5),(180,141,5),(181,142,5),(182,143,5),(183,144,5),(184,145,5),(185,146,18),(186,147,18),(187,148,18),(188,149,18),(189,150,18),(190,151,18),(191,152,18),(192,153,18),(193,154,18),(194,155,18),(195,156,18),(196,157,18),(197,158,18),(198,159,18),(199,160,18),(200,161,18),(201,162,18),(202,163,18),(203,164,18),(204,165,18),(205,166,18),(206,167,18),(207,168,18),(208,169,18),(209,170,18),(210,172,18),(211,173,18),(212,174,18),(213,175,18),(214,35,9),(215,85,9),(216,86,9),(217,48,9),(218,51,9),(219,88,9),(220,95,9),(221,98,9),(222,176,9),(223,177,9),(224,178,9),(225,179,9),(226,180,9),(227,181,9),(228,182,9),(229,183,9),(230,184,9),(231,185,9),(232,186,9),(233,187,9),(234,188,9),(235,189,9),(236,190,9),(237,191,9),(238,192,9),(239,193,9),(240,194,9),(241,195,9),(242,196,9),(243,197,9),(244,105,6),(245,126,6),(246,106,6),(247,29,6),(248,197,6),(249,49,6),(250,122,6),(251,132,6),(252,139,6),(253,143,6),(254,198,6),(255,199,6),(256,200,6),(257,201,6),(258,202,6),(259,203,6),(260,204,6),(261,205,6),(262,206,6),(263,207,6),(264,208,6),(265,209,6),(266,210,6),(267,211,6),(268,212,6),(269,213,6),(270,214,6),(271,215,6),(272,216,6),(273,217,6),(274,84,10),(276,4,10),(277,109,10),(278,114,10),(279,118,10),(280,121,10),(281,178,10),(282,103,10),(283,207,10),(284,211,10),(285,218,10),(286,219,10),(287,220,10),(288,221,10),(289,222,10),(290,223,10),(291,224,10),(292,225,10),(293,226,10),(294,227,10),(295,228,10),(296,229,10),(297,230,10),(298,231,10),(299,232,10),(300,233,10),(301,234,10),(302,235,10),(303,236,10),(304,37,15),(305,38,15),(306,109,15),(307,176,15),(308,112,15),(309,85,15),(310,113,15),(311,114,15),(312,218,15),(313,43,15),(314,116,15),(315,199,15),(316,117,15),(317,118,15),(318,86,15),(319,120,15),(320,87,15),(321,52,15),(322,53,15),(323,88,15),(324,89,15),(325,91,15),(326,16,15),(327,93,15),(328,94,15),(329,178,15),(330,95,15),(331,36,11),(332,39,11),(333,237,11),(334,111,11),(335,176,11),(336,44,11),(337,116,11),(338,117,11),(339,118,11),(340,119,11),(341,120,11),(342,87,11),(343,14,11),(344,89,11),(345,18,11),(346,93,11),(347,100,11),(348,102,11),(349,184,11),(350,220,11),(351,240,11),(352,241,11),(353,242,11),(354,243,11),(355,244,11),(356,245,11),(357,246,11),(358,247,11),(359,248,11),(360,249,11),(361,237,15),(362,238,15),(363,239,15),(364,105,4),(365,29,4),(366,217,4),(367,199,4),(368,201,4),(369,203,4),(370,205,4),(371,206,4),(372,208,4),(373,209,4),(374,210,4),(375,211,4),(376,213,4),(377,214,4),(378,215,4),(379,229,4),(380,232,4),(381,111,16),(382,17,16),(383,19,16),(384,250,4),(385,251,4),(386,252,4),(387,253,4),(388,254,4),(389,255,4),(390,256,4),(391,257,4),(392,258,4),(393,259,4),(394,260,4),(395,261,4),(396,262,4),(397,263,16),(398,264,16),(399,265,16),(400,266,16),(401,267,16),(402,268,16),(403,269,16),(404,270,16),(405,271,16),(406,272,16),(407,273,16),(408,274,16),(409,275,16),(410,276,16),(411,277,16),(412,278,16),(413,279,16),(414,280,16),(415,281,16),(416,282,16),(417,283,16),(418,284,16),(419,285,16),(420,286,16),(421,287,16),(422,288,16),(423,124,7),(424,125,7),(425,105,7),(426,126,7),(427,198,7),(428,106,7),(429,111,7),(430,112,7),(431,128,7),(432,217,7),(433,130,7),(434,240,7),(435,50,7),(436,200,7),(437,132,7),(438,19,7),(439,134,7),(440,201,7),(441,202,7),(442,96,7),(443,136,7),(444,203,7),(445,137,7),(446,139,7),(447,207,7),(448,210,7),(449,140,7),(450,248,7),(451,147,13),(452,57,13),(453,170,13),(454,289,7),(455,290,7),(456,291,13),(457,292,13),(458,293,13),(459,294,13),(460,295,13),(461,296,13),(462,297,13),(463,298,13),(464,299,13),(465,300,13),(466,301,13),(467,302,13),(468,303,13),(469,304,13),(470,305,13),(471,306,13),(472,307,13),(473,308,13),(474,309,13),(475,310,13),(476,311,13),(477,312,13),(478,313,13),(479,314,13),(480,315,13),(481,316,13),(482,317,13),(483,59,17),(484,158,17),(485,318,17),(486,319,17),(487,320,17),(488,321,17),(489,322,17),(490,323,17),(491,324,17),(492,325,17),(493,326,17),(494,327,17),(495,328,17),(496,329,17),(497,330,17),(498,331,17),(499,332,17),(500,333,17),(501,334,17),(502,335,17),(503,336,17),(504,337,17),(505,338,17),(506,339,17),(507,340,17),(508,341,17),(509,342,17),(510,343,17),(511,344,17),(512,345,17),(513,110,12),(514,113,12),(515,8,12),(516,56,12),(517,231,12),(518,60,12),(519,346,12),(520,347,12),(521,348,12),(522,349,12),(523,350,12),(524,351,12),(525,352,12),(526,353,12),(527,354,12),(528,355,12),(529,356,12),(530,357,12),(531,358,12),(532,359,12),(533,360,12),(534,361,12),(535,362,12),(536,363,12),(537,364,12),(538,365,12),(539,366,12),(540,367,12),(541,368,12),(542,232,24),(543,197,24),(544,369,24),(545,370,24),(546,371,24),(547,372,24),(548,373,24),(549,374,24),(550,375,24),(551,376,24),(552,377,24),(553,378,24),(554,379,24),(555,380,24),(556,381,24),(557,382,24),(558,383,24),(559,384,24),(560,385,24),(561,386,24),(562,387,24),(563,388,24),(564,389,24),(565,390,24),(566,391,24),(567,392,24),(568,393,24),(569,394,24),(570,395,24),(571,396,24),(572,171,18),(573,41,23),(574,234,23);

/*Table structure for table `movie` */

DROP TABLE IF EXISTS `movie`;

CREATE TABLE `movie` (
  `m_id` int(7) NOT NULL AUTO_INCREMENT,
  `m_name` varchar(50) NOT NULL,
  `m_poster` varchar(255) DEFAULT NULL COMMENT '电影海报',
  `m_year` varchar(10) DEFAULT NULL COMMENT '电影所属年份',
  `m_tag` varchar(30) DEFAULT NULL COMMENT '电影综合标签',
  `m_performer` varchar(30) DEFAULT NULL COMMENT '电影综合演员',
  `m_picture` varchar(255) DEFAULT NULL COMMENT '电影宣传图片',
  `m_grade` float(2,1) DEFAULT '0.0' COMMENT '电影综合评分',
  `m_describe` varchar(255) DEFAULT NULL COMMENT '电影内容描述',
  PRIMARY KEY (`m_id`)
) ENGINE=InnoDB AUTO_INCREMENT=397 DEFAULT CHARSET=utf8;

/*Data for the table `movie` */

insert  into `movie`(`m_id`,`m_name`,`m_poster`,`m_year`,`m_tag`,`m_performer`,`m_picture`,`m_grade`,`m_describe`) values (1,'半个喜剧','images/aiqing01.jpg','2019','爱情 喜剧',NULL,NULL,0.0,NULL),(2,'我叫为何','images/aiqing02.jpg','2019','爱情 喜剧',NULL,NULL,0.0,NULL),(3,'受益人','images/aiqing03.jpg','2019','爱情 喜剧 犯罪',NULL,NULL,0.0,NULL),(4,'被光抓走的人','images/aiqing04.jpg','2019','爱情 科幻',NULL,NULL,0.0,NULL),(5,'少年的你','images/aiqing05.jpg','2019','爱情 犯罪',NULL,NULL,0.0,NULL),(6,'如影随心','images/aiqing06.jpg','2019','爱情',NULL,NULL,0.0,NULL),(7,'血战敖伦布拉格','images/aiqing07.jpg','2019','爱情 动作',NULL,NULL,0.0,NULL),(8,'无问西东','images/aiqing08.jpg','2019','爱情 战争',NULL,NULL,0.0,NULL),(9,'那些女人','images/aiqing09.jpg','2019','爱情',NULL,NULL,0.0,NULL),(10,'猫妖传','images/aiqing10.jpg','2019','爱情',NULL,NULL,0.0,NULL),(11,'我们的爱情','images/aiqing11.jpg','2019','爱情',NULL,NULL,0.0,NULL),(12,'悲伤逆流成河','images/aiqing12.jpg','2019','爱情',NULL,NULL,0.0,NULL),(13,'我想吃掉你的胰脏','images/aiqing13.jpg','2019','爱情 动画',NULL,NULL,0.0,NULL),(14,'诛仙1','images/aiqing14.jpg','2019','爱情 奇幻',NULL,NULL,0.0,NULL),(15,'奇葩朵朵','images/aiqing15.jpg','2019','爱情 喜剧',NULL,NULL,0.0,NULL),(16,'南极之恋','images/aiqing16.jpg','2019','爱情 冒险',NULL,NULL,0.0,NULL),(17,'铁臂双雄','images/aiqing17.jpg','2019','爱情 武侠',NULL,NULL,0.0,NULL),(18,'白蛇：缘起','images/aiqing18.jpg','2019','爱情 动画 奇幻',NULL,NULL,0.0,NULL),(19,'锦衣之下','images/aiqing19.jpg','2019','爱情 武侠 悬疑',NULL,NULL,0.0,NULL),(20,'六月夏初','images/aiqing20.jpg','2019','爱情',NULL,NULL,0.0,NULL),(21,'侣行攻略','images/aiqing21.jpg','2019','爱情',NULL,NULL,0.0,NULL),(22,'大约在冬季','images/aiqing22.jpg','2019','爱情',NULL,NULL,0.0,NULL),(23,'亲爱的新年好','images/aiqing23.jpg','2019','爱情',NULL,NULL,0.0,NULL),(24,'宠爱','images/aiqing24.jpg','2019','爱情 喜剧',NULL,NULL,0.0,NULL),(25,'相亲时代','images/aiqing25.jpg','2019','爱情 喜剧',NULL,NULL,0.0,NULL),(26,'锤神','images/aiqing26.jpg','2019','爱情 动作',NULL,NULL,0.0,NULL),(27,'只有芸知道','images/aiqing27.jpg','2019','爱情',NULL,NULL,0.0,NULL),(28,'最佳男友进化论','images/aiqing28.jpg','2019','爱情 喜剧',NULL,NULL,0.0,NULL),(29,'夜伴歌声','images/aiqing29.jpg','2019','爱情 惊悚 恐怖',NULL,NULL,0.0,NULL),(30,'真爱不迟到','images/aiqing30.jpg','2019','爱情 喜剧',NULL,NULL,0.0,NULL),(31,'小小的愿望','images/xiju01.jpg','2019','喜剧',NULL,NULL,0.0,NULL),(32,'肥龙过江','images/xiju02.jpg','2019','喜剧 动作',NULL,NULL,0.0,NULL),(33,'一路疯癫','images/xiju05.jpg','2019','喜剧',NULL,NULL,0.0,NULL),(34,'悟空奇遇记','images/xiju07.jpg','2019','喜剧 动画',NULL,NULL,0.0,NULL),(35,'家和万事惊','images/xiju08.jpg','2019','喜剧 家庭',NULL,NULL,0.0,NULL),(36,'捉妖记2','images/xiju09.jpg','2019','喜剧 奇幻',NULL,NULL,0.0,NULL),(37,'恐龙王','images/xiju11.jpg','2019','喜剧 动画 冒险',NULL,NULL,0.0,NULL),(38,'断片之险途夺宝','images/xiju12.jpg','2019','喜剧 冒险',NULL,NULL,0.0,NULL),(39,'哪吒之魔童降世','images/xiju13.jpg','2019','喜剧 动画 动作 奇幻',NULL,NULL,0.0,NULL),(40,'李茶的姑妈','images/xiju14.jpg','2019','喜剧',NULL,NULL,0.0,NULL),(41,'的士速递5','images/xiju16.jpg','2019','喜剧 动作 犯罪 法国',NULL,NULL,0.0,NULL),(42,'邪不压正','images/xiju18.jpg','2019','喜剧 动作',NULL,NULL,0.0,NULL),(43,'潜艇总动员：外星宝贝计划','images/xiju19.jpg','2019','喜剧 动画 冒险',NULL,NULL,0.0,NULL),(44,'天气预爆','images/xiju20.jpg','2019','喜剧 奇幻',NULL,NULL,0.0,NULL),(45,'鼠胆英雄','images/xiju21.jpg','2019','喜剧',NULL,NULL,0.0,NULL),(46,'飞驰人生','images/xiju22.jpg','2019','喜剧 动作',NULL,NULL,0.0,NULL),(47,'疯狂的契约','images/xiju23.jpg','2019','喜剧',NULL,NULL,0.0,NULL),(48,'好小子，好功夫','images/xiju24.jpg','2019','喜剧 动作 家庭',NULL,NULL,0.0,NULL),(49,'难以入眠','images/xiju25.jpg','2019','喜剧 惊悚',NULL,NULL,0.0,NULL),(50,'唐人街探案2','images/xiju26.jpg','2019','喜剧 动作 犯罪 悬疑',NULL,NULL,0.0,NULL),(51,'小猪佩奇过大年','images/xiju27.jpg','2019','喜剧 动画 家庭',NULL,NULL,0.0,NULL),(52,'大闹西游','images/xiju28.jpg','2019','喜剧 动画 冒险',NULL,NULL,0.0,NULL),(53,'无敌原始人','images/xiju29.jpg','2019','喜剧 动画 冒险',NULL,NULL,0.0,NULL),(54,'叶问4','images/zhuanji01.jpg','2019','传记 动作',NULL,NULL,0.0,NULL),(55,'中国机长','images/zhuanji02.jpg','2019','传记',NULL,NULL,0.0,NULL),(56,'战犬瑞克斯','images/zhuanji03.jpg','2019','传记 战争',NULL,NULL,0.0,NULL),(57,'火箭人','images/zhuanji04.jpg','2019','传记 音乐',NULL,NULL,0.0,NULL),(58,'一呼一吸','images/zhuanji05.jpg','2019','传记',NULL,NULL,0.0,NULL),(59,'摔跤吧！爸爸','images/zhuanji06.jpg','2019','传记 运动',NULL,NULL,0.0,NULL),(60,'血战钢锯岭','images/zhuanji07.jpg','2019','传记 战争',NULL,NULL,0.0,NULL),(61,'绿皮书','images/zhuanji08.jpg','2019','传记',NULL,NULL,0.0,NULL),(62,'决胜时刻','images/zhuanji09.jpg','2019','传记',NULL,NULL,0.0,NULL),(63,'笑神穷不怕','images/zhuanji10.jpg','2019','传记',NULL,NULL,0.0,NULL),(64,'叶问3','images/zhuanji11.jpg','2019','传记',NULL,NULL,0.0,NULL),(65,'童年的许诺','images/zhuanji12.jpg','2019','传记',NULL,NULL,0.0,NULL),(66,'印度合伙人','images/zhuanji13.jpg','2019','传记',NULL,NULL,0.0,NULL),(67,'玛蒂尔达','images/zhuanji14.jpg','2019','传记',NULL,NULL,0.0,NULL),(68,'我的老兵爷爷','images/zhuanji15.jpg','2019','传记',NULL,NULL,0.0,NULL),(69,'一代宗师','images/zhuanji16.jpg','2019','传记',NULL,NULL,0.0,NULL),(70,'登月第一人','images/zhuanji17.jpg','2019','传记',NULL,NULL,0.0,NULL),(71,'伴我同行','images/zhuanji18.jpg','2019','传记',NULL,NULL,0.0,NULL),(72,'柏林孤影','images/zhuanji19.jpg','2019','传记',NULL,NULL,0.0,NULL),(73,'冯梦龙传奇','images/zhuanji20.jpg','2019','传记',NULL,NULL,0.0,NULL),(74,'局外人','images/zhuanji21.jpg','2019','传记',NULL,NULL,0.0,NULL),(75,'笑八仙之韩湘子捉妖','images/zhuanji22.jpg','2019','传记',NULL,NULL,0.0,NULL),(76,'归来','images/zhuanji23.jpg','2019','传记',NULL,NULL,0.0,NULL),(77,'至爱梵高·星空之谜','images/zhuanji24.jpg','2019','传记',NULL,NULL,0.0,NULL),(78,'地心营救','images/zhuanji25.jpg','2019','传记',NULL,NULL,0.0,NULL),(79,'丘吉尔','images/zhuanji26.jpg','2019','传记',NULL,NULL,0.0,NULL),(80,'127小时','images/zhuanji27.jpg','2019','传记',NULL,NULL,0.0,NULL),(81,'黄金时代','images/zhuanji28.jpg','2019','传记',NULL,NULL,0.0,NULL),(82,'第一夫人','images/zhuanji29.jpg','2019','传记',NULL,NULL,0.0,NULL),(83,'巴比龙','images/zhuanji30.jpg','2019','传记',NULL,NULL,0.0,NULL),(84,'钢铁飞龙之奥特曼崛起','images/donghua01.jpg','2019','动画 动作 科幻',NULL,NULL,0.0,NULL),(85,'新大头儿子和小头爸爸3：俄罗斯奇遇记','images/donghua05.jpg','2019','动画 家庭 冒险',NULL,NULL,0.0,NULL),(86,'妈妈咪鸭','images/donghua07.jpg','2019','动画 家庭 冒险',NULL,NULL,0.0,NULL),(87,'熊出没·奇幻空间','images/donghua10.jpg','2019','动画 冒险 奇幻',NULL,NULL,0.0,NULL),(88,'狮子王','images/donghua13.jpg','2019','动画 家庭 冒险',NULL,NULL,0.0,NULL),(89,'大侦探皮卡丘','images/donghua14.jpg','2019','动画 冒险 奇幻',NULL,NULL,0.0,NULL),(90,'江海渔童之巨龟奇缘','images/donghua15.jpg','2019','动画',NULL,NULL,0.0,NULL),(91,'空天战队之星兽大战','images/donghua16.jpg','2019','动画 冒险',NULL,NULL,0.0,NULL),(92,'阿凡提之奇缘历险','images/donghua18.jpg','2019','动画',NULL,NULL,0.0,NULL),(93,'新灰姑娘','images/donghua19.jpg','2019','动画 冒险 奇幻',NULL,NULL,0.0,NULL),(94,'警车联盟','images/donghua20.jpg','2019','动画 冒险',NULL,NULL,0.0,NULL),(95,'托马斯大电影之世界探险记','images/donghua21.jpg','2019','动画 家庭 冒险',NULL,NULL,0.0,NULL),(96,'名侦探柯南：绀青之拳','images/donghua22.jpg','2019','动画 悬疑',NULL,NULL,0.0,NULL),(97,'闯堂兔3囧囧时光机','images/donghua23.jpg','2019','动画',NULL,NULL,0.0,NULL),(98,'倒霉特工熊','images/donghua24.jpg','2019','动画 家庭',NULL,NULL,0.0,NULL),(99,'哆啦A梦：大雄的月球探险记','images/donghua25.jpg','2019','动画',NULL,NULL,0.0,NULL),(100,'罗小黑战记','images/donghua26.jpg','2019','动画 奇幻',NULL,NULL,0.0,NULL),(101,'功夫四侠：勇闯地宫','images/donghua27.jpg','2019','动画',NULL,NULL,0.0,NULL),(102,'驯龙高手3','images/donghua28.jpg','2019','动画 奇幻',NULL,NULL,0.0,NULL),(103,'雪人奇缘','images/donghua29.jpg','2019','动画 科幻',NULL,NULL,0.0,NULL),(104,'钢铁飞龙之再见奥特曼','images/donghua30.jpg','2019','动画',NULL,NULL,0.0,NULL),(105,'噬魂剑','images/dongzuo04.jpg','2019','动作 惊悚 恐怖 悬疑',NULL,NULL,0.0,NULL),(106,'密林诡影','images/dongzuo06.jpg','2019','动作 惊悚 悬疑',NULL,NULL,0.0,NULL),(107,'特警队','images/dongzuo07.jpg','2019','动作',NULL,NULL,0.0,NULL),(108,'汝海风云','images/dongzuo09.jpg','2019','动作 犯罪',NULL,NULL,0.0,NULL),(109,'环太平洋：雷霆再起','images/dongzuo10.jpg','2019','动作 科幻 冒险',NULL,NULL,0.0,NULL),(110,'捍战','images/dongzuo11.jpg','2019','动作 战争',NULL,NULL,0.0,NULL),(111,'狄仁杰之四大天王','images/dongzuo12.jpg','2019','动作 奇幻 武侠 悬疑',NULL,NULL,0.0,NULL),(112,'动物世界','images/dongzuo13.jpg','2019','动作 冒险 悬疑',NULL,NULL,0.0,NULL),(113,'血狼之怒','images/dongzuo16.jpg','2019','动作 犯罪 冒险 战争',NULL,NULL,0.0,NULL),(114,'速度与激情：特别行动','images/dongzuo17.jpg','2019','动作 犯罪 科幻 冒险',NULL,NULL,0.0,NULL),(115,'大武师','images/dongzuo18.jpg','2019','动作',NULL,NULL,0.0,NULL),(116,'异星战甲之青龙','images/dongzuo20.jpg','2019','动作 冒险 奇幻',NULL,NULL,0.0,NULL),(117,'谜巢','images/dongzuo22.jpg','2019','动作 冒险 奇幻',NULL,NULL,0.0,NULL),(118,'复仇者联盟4：终局之战','images/dongzuo23.jpg','2019','动作 科幻 冒险 奇幻',NULL,NULL,0.0,NULL),(119,'钟馗归来万世妖灵','images/dongzuo24.jpg','2019','动作 奇幻',NULL,NULL,0.0,NULL),(120,'古墓入侵者','images/dongzuo26.jpg','2019','动作 冒险 奇幻',NULL,NULL,0.0,NULL),(121,'双子杀手','images/dongzuo27.jpg','2019','动作 科幻',NULL,NULL,0.0,NULL),(122,'虎胆追凶','images/dongzuo29.jpg','2019','动作 犯罪 惊悚',NULL,NULL,0.0,NULL),(123,'烈火英雄','images/dongzuo30.jpg','2019','动作',NULL,NULL,0.0,NULL),(124,'秦明·生死语者','images/fanzui01.jpg','2019','犯罪 悬疑',NULL,NULL,0.0,NULL),(125,'追凶十九年','images/fanzui02.jpg','2019','犯罪 悬疑',NULL,NULL,0.0,NULL),(126,'夺命杀机','images/fanzui03.jpg','2019','犯罪 惊悚 悬疑',NULL,NULL,0.0,NULL),(127,'西北风云','images/fanzui05.jpg','2019','犯罪',NULL,NULL,0.0,NULL),(128,'犯罪现场','images/fanzui11.jpg','2019','犯罪 悬疑',NULL,NULL,0.0,NULL),(129,'暴雨救援','images/fanzui12.jpg','2019','犯罪',NULL,NULL,0.0,NULL),(130,'罪途','images/fanzui13.jpg','2019','犯罪 悬疑',NULL,NULL,0.0,NULL),(131,'英雄本色2018','images/fanzui16.jpg','2018','犯罪',NULL,NULL,0.0,NULL),(132,'通勤营救','images/fanzui17.jpg','2019','犯罪 惊悚 悬疑',NULL,NULL,0.0,NULL),(133,'追龙2','images/fanzui18.jpg','2019','犯罪',NULL,NULL,0.0,NULL),(134,'沉默的雪','images/fanzui20.jpg','2019','犯罪 悬疑',NULL,NULL,0.0,NULL),(135,'使徒行者2：谍影行动','images/fanzui21.jpg','2019','犯罪',NULL,NULL,0.0,NULL),(136,'封口之谜','images/fanzui22.jpg','2019','犯罪 悬疑',NULL,NULL,0.0,NULL),(137,'扫毒2','images/fanzui23.jpg','2019','犯罪 悬疑',NULL,NULL,0.0,NULL),(138,'杀破狼·贪狼','images/fanzui24.jpg','2019','犯罪',NULL,NULL,0.0,NULL),(139,'致命梦魇','images/fanzui25.jpg','2019','犯罪 惊悚 悬疑',NULL,NULL,0.0,NULL),(140,'你是凶手','images/fanzui26.jpg','2019','犯罪 悬疑',NULL,NULL,0.0,NULL),(141,'毒战生死线2','images/fanzui27.jpg','2019','犯罪',NULL,NULL,0.0,NULL),(142,'战刀屠狼','images/fanzui28.jpg','2019','犯罪',NULL,NULL,0.0,NULL),(143,'英伦对决','images/fanzui29.jpg','2019','犯罪 惊悚',NULL,NULL,0.0,NULL),(144,'“大”人物','images/fanzui30.jpg','2019','犯罪',NULL,NULL,0.0,NULL),(145,'追龙','images/fanzui19.jpg','2019','犯罪',NULL,NULL,0.0,NULL),(146,'《中国机长》纪录片','images/jilu01.jpg','2019','纪录',NULL,NULL,0.0,NULL),(147,'五月天人生无限公司','images/jilu02.jpg','2019','纪录 音乐',NULL,NULL,0.0,NULL),(148,'港珠澳大桥','images/jilu03.jpg','2019','纪录',NULL,NULL,0.0,NULL),(149,'厉害了，我的国','images/jilu04.jpg','2019','纪录',NULL,NULL,0.0,NULL),(150,'《长安道》李骏导演“追梦人”独家纪录片','images/jilu05.jpg','2019','纪录',NULL,NULL,0.0,NULL),(151,'鉴你所见','images/jilu06.jpg','2019','纪录',NULL,NULL,0.0,NULL),(152,'南方车站的聚会·纪录片','images/jilu07.jpg','2019','纪录',NULL,NULL,0.0,NULL),(153,'藏北秘岭-重返无人区','images/jilu08.jpg','2019','纪录',NULL,NULL,0.0,NULL),(154,'二十二','images/jilu09.jpg','2019','纪录',NULL,NULL,0.0,NULL),(155,'《鼠胆英雄》独家纪录片','images/jilu10.jpg','2019','纪录',NULL,NULL,0.0,NULL),(156,'两只老虎·独家纪录片','images/jilu11.jpg','2019','纪录',NULL,NULL,0.0,NULL),(157,'张艺谋和他的“影”','images/jilu12.jpg','2019','纪录',NULL,NULL,0.0,NULL),(158,'徒手攀岩','images/jilu13.jpg','2019','纪录 运动',NULL,NULL,0.0,NULL),(159,'马卡拉','images/jilu14.jpg','2019','纪录',NULL,NULL,0.0,NULL),(160,'《诛仙1》独家纪录片','images/jilu15.jpg','2019','纪录',NULL,NULL,0.0,NULL),(161,'《上海堡垒》独家纪录片','images/jilu16.jpg','2019','纪录',NULL,NULL,0.0,NULL),(162,'大约在冬季·独家纪录片','images/jilu17.jpg','2019','纪录',NULL,NULL,0.0,NULL),(163,'《奇门遁甲》独家纪录片','images/jilu18.jpg','2019','纪录',NULL,NULL,0.0,NULL),(164,'渐冻人生','images/jilu19.jpg','2019','纪录',NULL,NULL,0.0,NULL),(165,'《地久天长》腾讯视频独家纪录片','images/jilu20.jpg','2019','纪录',NULL,NULL,0.0,NULL),(166,'《送我上青云》腾讯视频独家纪录片','images/jilu21.jpg','2019','纪录',NULL,NULL,0.0,NULL),(167,'伴我同行','images/jilu22.jpg','2019','纪录',NULL,NULL,0.0,NULL),(168,'我们诞生在中国','images/jilu23.jpg','2019','纪录',NULL,NULL,0.0,NULL),(169,'爸爸去哪儿','images/jilu24.jpg','2019','纪录',NULL,NULL,0.0,NULL),(170,'火力全开','images/jilu25.jpg','2019','纪录 音乐',NULL,NULL,0.0,NULL),(171,'他们已不再变老','images/jilu26.jpg','2019','纪录',NULL,NULL,0.0,NULL),(172,'1931刺杀宋子文之谜','images/jilu27.jpg','2019','纪录',NULL,NULL,0.0,NULL),(173,'帝企鹅日记2：召唤','images/jilu28.jpg','2018','纪录',NULL,NULL,0.0,NULL),(174,'冈仁波齐','images/jilu29.jpg','2019','纪录',NULL,NULL,0.0,NULL),(175,'爱在长征','images/jilu30.jpg','2019','纪录',NULL,NULL,0.0,NULL),(176,'沉睡魔咒2','images/family02.jpg','2019','家庭 冒险 奇幻',NULL,NULL,0.0,NULL),(177,'西小河的夏天','images/family07.jpg','2019','家庭',NULL,NULL,0.0,NULL),(178,'动物出击','images/family09.jpg','2019','家庭 科幻 冒险',NULL,NULL,0.0,NULL),(179,'银河补习班','images/family11.jpg','2019','家庭',NULL,NULL,0.0,NULL),(180,'一条狗的回家路','images/family12.jpg','2019','家庭',NULL,NULL,0.0,NULL),(181,'生存家族','images/family14.jpg','2019','家庭',NULL,NULL,0.0,NULL),(182,'魔镜奇缘2','images/family15.jpg','2019','家庭',NULL,NULL,0.0,NULL),(183,'黑袍律师','images/family16.jpg','2019','家庭',NULL,NULL,0.0,NULL),(184,'假装不正经','images/family17.jpg','2019','家庭 奇幻',NULL,NULL,0.0,NULL),(185,'爱探险的朵拉：消失的黄金城','images/family18.jpg','2019','家庭',NULL,NULL,0.0,NULL),(186,'老公平去哪了','images/family19.jpg','2019','家庭',NULL,NULL,0.0,NULL),(187,'一条狗的使命2','images/family20.jpg','2019','家庭',NULL,NULL,0.0,NULL),(188,'决战食神','images/family21.jpg','2018','家庭',NULL,NULL,0.0,NULL),(189,'一条狗的使命','images/family22.jpg','2018','家庭',NULL,NULL,0.0,NULL),(190,'我的冤家是条狗','images/family23.jpg','2018','家庭',NULL,NULL,0.0,NULL),(191,'帕丁顿熊2','images/family24.jpg','2018','家庭',NULL,NULL,0.0,NULL),(192,'愤怒的小鸟2','images/family25.jpg','2018','家庭',NULL,NULL,0.0,NULL),(193,'小公主艾薇拉与神秘王国','images/family26.jpg','2018','家庭',NULL,NULL,0.0,NULL),(194,'地久天长','images/family27.jpg','2018','家庭',NULL,NULL,0.0,NULL),(195,'新大头儿子和小头爸爸之一日成才','images/family28.jpg','2018','家庭',NULL,NULL,0.0,NULL),(196,'那树繁花','images/family29.jpg','2018','家庭',NULL,NULL,0.0,NULL),(197,'精灵怪物：疯狂之旅','images/family30.jpg','2018','家庭 惊悚 德国',NULL,NULL,0.0,NULL),(198,'少女宿舍','images/jingsong03.jpg','2018','惊悚 悬疑',NULL,NULL,0.0,NULL),(199,'假戏真做','images/jingsong08.jpg','2018','惊悚 冒险 恐怖',NULL,NULL,0.0,NULL),(200,'午夜谜案','images/jingsong11.jpg','2018','惊悚 悬疑',NULL,NULL,0.0,NULL),(201,'逆罪','images/jingsong13.jpg','2018','惊悚 恐怖 悬疑',NULL,NULL,0.0,NULL),(202,'劫数难逃','images/jingsong14.jpg','2018','惊悚 悬疑',NULL,NULL,0.0,NULL),(203,'午夜废墟','images/jingsong15.jpg','2018','惊悚 恐怖 悬疑',NULL,NULL,0.0,NULL),(204,'巨鳄风暴','images/jingsong17.jpg','2018','惊悚',NULL,NULL,0.0,NULL),(205,'妖妖铃','images/jingsong18.jpg','2018','惊悚 恐怖',NULL,NULL,0.0,NULL),(206,'午夜整容室','images/jingsong19.jpg','2018','惊悚 恐怖',NULL,NULL,0.0,NULL),(207,'邂逅未知','images/jingsong20.jpg','2018','惊悚 科幻 悬疑',NULL,NULL,0.0,NULL),(208,'恐怖浴室','images/jingsong21.jpg','2018','惊悚 恐怖',NULL,NULL,0.0,NULL),(209,'恐怖快递','images/jingsong22.jpg','2018','惊悚 恐怖',NULL,NULL,0.0,NULL),(210,'午夜幽灵','images/jingsong23.jpg','2018','惊悚 恐怖 悬疑',NULL,NULL,0.0,NULL),(211,'夺命五头鲨','images/jingsong24.jpg','2018','惊悚 科幻 恐怖',NULL,NULL,0.0,NULL),(212,'荒岛求生之巨兽来袭','images/jingsong25.jpg','2018','惊悚',NULL,NULL,0.0,NULL),(213,'解剖室灵异事件','images/jingsong26.jpg','2018','惊悚 恐怖',NULL,NULL,0.0,NULL),(214,'阴阳眼','images/jingsong28.jpg','2018','惊悚 恐怖',NULL,NULL,0.0,NULL),(215,'开学悸','images/jingsong29.jpg','2018','惊悚 恐怖',NULL,NULL,0.0,NULL),(216,'神秘外星人','images/jingsong30.jpg','2018','惊悚',NULL,NULL,0.0,NULL),(217,'午夜怪谈','images/jingsong07.jpg','2018','惊悚 恐怖 悬疑',NULL,NULL,0.0,NULL),(218,'流浪地球','images/kehuan05.jpg','2019','科幻 冒险',NULL,NULL,0.0,NULL),(219,'喋血外星人','images/kehuan09.jpg','2019','科幻',NULL,NULL,0.0,NULL),(220,'复仇者联盟3：无限战争','images/kehuan13.jpg','2018','科幻 奇幻',NULL,NULL,0.0,NULL),(221,'莫斯科陷落','images/kehuan14.jpg','2018','科幻',NULL,NULL,0.0,NULL),(222,'伊阿索密码','images/kehuan16.jpg','2018','科幻',NULL,NULL,0.0,NULL),(223,'异兽来袭','images/kehuan17.jpg','2018','科幻',NULL,NULL,0.0,NULL),(224,'异形：汇合','images/kehuan18.jpg','2018','科幻',NULL,NULL,0.0,NULL),(225,'狂暴巨兽','images/kehuan19.jpg','2018','科幻',NULL,NULL,0.0,NULL),(226,'美人鱼','images/kehuan20.jpg','2018','科幻',NULL,NULL,0.0,NULL),(227,'逆时营救','images/kehuan21.jpg','2018','科幻',NULL,NULL,0.0,NULL),(228,'头号玩家','images/kehuan22.jpg','2018','科幻',NULL,NULL,0.0,NULL),(229,'鲨鱼帝国','images/kehuan23.jpg','2018','科幻 恐怖',NULL,NULL,0.0,NULL),(230,'海平面上升','images/kehuan24.jpg','2018','科幻',NULL,NULL,0.0,NULL),(231,'上海堡垒','images/kehuan25.jpg','2017','科幻',NULL,NULL,0.0,NULL),(232,'死寂逃亡','images/kehuan26.jpg','2017','科幻',NULL,NULL,0.0,NULL),(233,'地质灾害','images/kehuan27.jpg','2017','科幻',NULL,NULL,0.0,NULL),(234,'星际特工：千星之城','images/kehuan28.jpg','2017','科幻',NULL,NULL,0.0,NULL),(235,'侏罗纪世界2','images/kehuan29.jpg','2017','科幻',NULL,NULL,0.0,NULL),(236,'大黄蜂','images/kehuan30.jpg','2017','科幻',NULL,NULL,0.0,NULL),(237,'战神纪','images/maoxian06.jpg',NULL,'奇幻',NULL,NULL,0.0,NULL),(238,'爱情公寓','images/maoxian23.jpg',NULL,'冒险',NULL,NULL,0.0,NULL),(239,'攀登者','images/maoxian26.jpg',NULL,'冒险',NULL,NULL,0.0,NULL),(240,'妖猫传','images/qihuan11.jpg',NULL,'奇幻',NULL,NULL,0.0,NULL),(241,'古剑奇谭','images/qihuan16.jpg',NULL,'奇幻',NULL,NULL,0.0,NULL),(242,'怒晴湘西','images/qihuan19.jpg',NULL,'奇幻',NULL,NULL,0.0,NULL),(243,'西游2','images/qihuan22.jpg',NULL,'奇幻',NULL,NULL,0.0,NULL),(244,'三生三世十里桃花','images/qihuan23.jpg',NULL,'奇幻',NULL,NULL,0.0,NULL),(245,'森林奇缘','images/qihuan24.jpg',NULL,'奇幻',NULL,NULL,0.0,NULL),(246,'复仇者格林：战事再起','images/qihuan25.jpg',NULL,'奇幻',NULL,NULL,0.0,NULL),(247,'火云邪神','images/qihuan27.jpg',NULL,'奇幻',NULL,NULL,0.0,NULL),(248,'突袭之丛林脱险','images/qihuan28.jpg',NULL,'奇幻',NULL,NULL,0.0,NULL),(249,'两个俏公主','images/qihuan30.jpg',NULL,'奇幻',NULL,NULL,0.0,NULL),(250,'午夜12点','images/kongbu16.jpg',NULL,'恐怖',NULL,NULL,0.0,NULL),(251,'细思极恐','images/kongbu18.jpg',NULL,'恐怖',NULL,NULL,0.0,NULL),(252,'黑暗深处之惊魂夜','images/kongbu19.jpg',NULL,'恐怖',NULL,NULL,0.0,NULL),(253,'人骨邪咒之骨瓷','images/kongbu21.jpg',NULL,'恐怖',NULL,NULL,0.0,NULL),(254,'惊魂七夜','images/kongbu22.jpg',NULL,'恐怖',NULL,NULL,0.0,NULL),(255,'恐怖电影院2','images/kongbu23.jpg',NULL,'恐怖',NULL,NULL,0.0,NULL),(256,'原来如此','images/kongbu24.jpg',NULL,'恐怖',NULL,NULL,0.0,NULL),(257,'守灵','images/kongbu25.jpg',NULL,'恐怖',NULL,NULL,0.0,NULL),(258,'狂暴凶狮','images/kongbu26.jpg',NULL,'恐怖',NULL,NULL,0.0,NULL),(259,'诡异酒楼','images/kongbu27.jpg',NULL,'恐怖',NULL,NULL,0.0,NULL),(260,'怨灵2','images/kongbu28.jpg',NULL,'恐怖',NULL,NULL,0.0,NULL),(261,'古窑迷踪','images/kongbu29.jpg',NULL,'恐怖',NULL,NULL,0.0,NULL),(262,'人偶老师','images/kongbu30.jpg',NULL,'恐怖',NULL,NULL,0.0,NULL),(263,'锦衣之下之绣春刀','images/wuxia04.jpg',NULL,'武侠',NULL,NULL,0.0,NULL),(264,'锦衣之下之爱别离','images/wuxia05.jpg',NULL,'武侠',NULL,NULL,0.0,NULL),(265,'绣春刀：修罗战场','images/wuxia07.jpg',NULL,'武侠',NULL,NULL,0.0,NULL),(266,'七剑下天山之七情花','images/wuxia08.jpg',NULL,'武侠',NULL,NULL,0.0,NULL),(267,'镇魔司：苍龙觉醒','images/wuxia09.jpg',NULL,'武侠',NULL,NULL,0.0,NULL),(268,'危城','images/wuxia10.jpg',NULL,'武侠',NULL,NULL,0.0,NULL),(269,'天剑修仙传','images/wuxia11.jpg',NULL,'武侠',NULL,NULL,0.0,NULL),(270,'七剑下天山之封神骨','images/wuxia12.jpg',NULL,'武侠',NULL,NULL,0.0,NULL),(271,'影','images/wuxia13.jpg',NULL,'武侠',NULL,NULL,0.0,NULL),(272,'降龙觉醒','images/wuxia14.jpg',NULL,'武侠',NULL,NULL,0.0,NULL),(273,'英雄无侠','images/wuxia15.jpg',NULL,'武侠',NULL,NULL,0.0,NULL),(274,'三少爷的剑','images/wuxia16.jpg',NULL,'武侠',NULL,NULL,0.0,NULL),(275,'武侠','images/wuxia17.jpg',NULL,'武侠',NULL,NULL,0.0,NULL),(276,'保龙一族之五音镇魔曲','images/wuxia18.jpg',NULL,'武侠',NULL,NULL,0.0,NULL),(277,'太白剑','images/wuxia19.jpg',NULL,'武侠',NULL,NULL,0.0,NULL),(278,'嗜血龙鳞诀','images/wuxia20.jpg',NULL,'武侠',NULL,NULL,0.0,NULL),(279,'武林怪兽','images/wuxia21.jpg',NULL,'武侠',NULL,NULL,0.0,NULL),(280,'隐天子之大话江湖','images/wuxia22.jpg',NULL,'武侠',NULL,NULL,0.0,NULL),(281,'蛤蟆神功','images/wuxia23.jpg',NULL,'武侠',NULL,NULL,0.0,NULL),(282,'大清十二刑','images/wuxia24.jpg',NULL,'武侠',NULL,NULL,0.0,NULL),(283,'七剑下天山之修罗眼','images/wuxia25.jpg',NULL,'武侠',NULL,NULL,0.0,NULL),(284,'黄飞鸿之英雄有梦','images/wuxia26.jpg',NULL,'武侠',NULL,NULL,0.0,NULL),(285,'夺镖','images/wuxia27.jpg',NULL,'武侠',NULL,NULL,0.0,NULL),(286,'大漠悍刀行','images/wuxia28.jpg',NULL,'武侠',NULL,NULL,0.0,NULL),(287,'金刚王：死亡救赎','images/wuxia29.jpg',NULL,'武侠',NULL,NULL,0.0,NULL),(288,'镖行天下前传之燃眉危机','images/wuxia30.jpg',NULL,'武侠',NULL,NULL,0.0,NULL),(289,'北斗风云','images/xuanyi14.jpg',NULL,'悬疑',NULL,NULL,0.0,NULL),(290,'暗语者','images/xuanyi30.jpg',NULL,'悬疑',NULL,NULL,0.0,NULL),(291,'缝纫机乐队','images/musici03.jpg',NULL,'音乐',NULL,NULL,0.0,NULL),(292,'你美丽了我的人生','images/musici04.jpg',NULL,'音乐',NULL,NULL,0.0,NULL),(293,'寻梦环游记','images/musici05.jpg',NULL,'音乐',NULL,NULL,0.0,NULL),(294,'摇滚藏獒','images/musici06.jpg',NULL,'音乐',NULL,NULL,0.0,NULL),(295,'布拉德的中年危机','images/musici07.jpg',NULL,'音乐',NULL,NULL,0.0,NULL),(296,'家','images/musici08.jpg',NULL,'音乐',NULL,NULL,0.0,NULL),(297,'神秘巨星','images/musici09.jpg',NULL,'音乐',NULL,NULL,0.0,NULL),(298,'摇滚吧！老爸','images/musici10.jpg',NULL,'音乐',NULL,NULL,0.0,NULL),(299,'舞出我的人生之舞所不能','images/musici11.jpg',NULL,'音乐',NULL,NULL,0.0,NULL),(300,'噪乐江湖','images/musici12.jpg',NULL,'音乐',NULL,NULL,0.0,NULL),(301,'昨日奇迹','images/musici13.jpg',NULL,'音乐',NULL,NULL,0.0,NULL),(302,'52赫兹，我爱你','images/musici14.jpg',NULL,'音乐',NULL,NULL,0.0,NULL),(303,'布兰卡','images/musici16.jpg',NULL,'音乐',NULL,NULL,0.0,NULL),(304,'东成西就','images/musici17.jpg',NULL,'音乐',NULL,NULL,0.0,NULL),(305,'这一刻，我要世界看见','images/musici18.jpg',NULL,'音乐',NULL,NULL,0.0,NULL),(306,'摇滚水果','images/musici19.jpg',NULL,'音乐',NULL,NULL,0.0,NULL),(307,'仲夏夜魔法','images/musici20.jpg',NULL,'音乐',NULL,NULL,0.0,NULL),(308,'霹雳舞','images/musici21.jpg',NULL,'音乐',NULL,NULL,0.0,NULL),(309,'摇滚学徒','images/musici22.jpg',NULL,'音乐',NULL,NULL,0.0,NULL),(310,'魔法黑森林','images/musici23.jpg',NULL,'音乐',NULL,NULL,0.0,NULL),(311,'五月天诺亚方舟','images/musici24.jpg',NULL,'音乐',NULL,NULL,0.0,NULL),(312,'再次出发之纽约遇见你','images/musici25.jpg',NULL,'音乐',NULL,NULL,0.0,NULL),(313,'一曲倾情','images/musici26.jpg',NULL,'音乐',NULL,NULL,0.0,NULL),(314,'毕业那年','images/musici27.jpg',NULL,'音乐',NULL,NULL,0.0,NULL),(315,'快乐的大脚2','images/musici28.jpg',NULL,'音乐',NULL,NULL,0.0,NULL),(316,'倾听你心','images/musici29.jpg',NULL,'音乐',NULL,NULL,0.0,NULL),(317,'爆裂鼓手','images/musici30.jpg',NULL,'音乐',NULL,NULL,0.0,NULL),(318,'羞羞的铁拳','images/sport01.jpg',NULL,'运动',NULL,NULL,0.0,NULL),(319,'三流勇士','images/sport02.jpg',NULL,'运动',NULL,NULL,0.0,NULL),(320,'篮球冠军','images/sport03.jpg',NULL,'运动',NULL,NULL,0.0,NULL),(321,'黑子的篮球：终极一战','images/sport05.jpg',NULL,'运动',NULL,NULL,0.0,NULL),(322,'德鲁大叔','images/sport07.jpg',NULL,'运动',NULL,NULL,0.0,NULL),(323,'不败雄心','images/sport08.jpg',NULL,'运动',NULL,NULL,0.0,NULL),(324,'斗魂之熊孩子','images/sport09.jpg',NULL,'运动',NULL,NULL,0.0,NULL),(325,'绝杀慕尼黑','images/sport10.jpg',NULL,'运动',NULL,NULL,0.0,NULL),(326,'极盗者','images/sport11.jpg',NULL,'运动',NULL,NULL,0.0,NULL),(327,'我和“叛徒”老爸','images/sport12.jpg',NULL,'运动',NULL,NULL,0.0,NULL),(328,'破风','images/sport13.jpg',NULL,'运动',NULL,NULL,0.0,NULL),(329,'青春24秒','images/sport14.jpg',NULL,'运动',NULL,NULL,0.0,NULL),(330,'铁拳','images/sport15.jpg',NULL,'运动',NULL,NULL,0.0,NULL),(331,'飞吧冰球','images/sport16.jpg',NULL,'运动',NULL,NULL,0.0,NULL),(332,'炸裂青春','images/sport17.jpg',NULL,'运动',NULL,NULL,0.0,NULL),(333,'最后一球','images/sport18.jpg',NULL,'运动',NULL,NULL,0.0,NULL),(334,'少年菀得','images/sport19.jpg',NULL,'运动',NULL,NULL,0.0,NULL),(335,'屏息','images/sport20.jpg',NULL,'运动',NULL,NULL,0.0,NULL),(336,'苏丹','images/sport21.jpg',NULL,'运动',NULL,NULL,0.0,NULL),(337,'铁甲钢拳','images/sport22.jpg',NULL,'运动',NULL,NULL,0.0,NULL),(338,'传奇的诞生','images/sport23.jpg',NULL,'运动',NULL,NULL,0.0,NULL),(339,'梦巴萨','images/sport24.jpg',NULL,'运动',NULL,NULL,0.0,NULL),(340,'进击吧，少女！','images/sport25.jpg',NULL,'运动',NULL,NULL,0.0,NULL),(341,'挑战者联盟','images/sport26.jpg',NULL,'运动',NULL,NULL,0.0,NULL),(342,'足球使命','images/sport27.jpg',NULL,'运动',NULL,NULL,0.0,NULL),(343,'金牌流浪狗','images/sport28.jpg',NULL,'运动',NULL,NULL,0.0,NULL),(344,'黑色闪电','images/sport29.jpg',NULL,'运动',NULL,NULL,0.0,NULL),(345,'超能电竞之传奇一代','images/sport30.jpg',NULL,'运动',NULL,NULL,0.0,NULL),(346,'中国蓝盔','images/war04.jpg',NULL,'战争',NULL,NULL,0.0,NULL),(347,'最后的狙击战','images/war06.jpg',NULL,'战争',NULL,NULL,0.0,NULL),(348,'暗剑','images/war07.jpg',NULL,'战争',NULL,NULL,0.0,NULL),(349,'密战','images/war09.jpg',NULL,'战争',NULL,NULL,0.0,NULL),(350,'红海行动','images/war10.jpg',NULL,'战争',NULL,NULL,0.0,NULL),(351,'空天猎','images/war11.jpg',NULL,'战争',NULL,NULL,0.0,NULL),(352,'浴血反击','images/war12.jpg',NULL,'战争',NULL,NULL,0.0,NULL),(353,'血战湘江','images/war13.jpg',NULL,'战争',NULL,NULL,0.0,NULL),(354,'打过长江去','images/war14.jpg',NULL,'战争',NULL,NULL,0.0,NULL),(355,'明月几时有','images/war15.jpg',NULL,'战争',NULL,NULL,0.0,NULL),(356,'古田军号','images/war17.jpg',NULL,'战争',NULL,NULL,0.0,NULL),(357,'旅程尽头','images/war18.jpg',NULL,'战争',NULL,NULL,0.0,NULL),(358,'龙之战','images/war19.jpg',NULL,'战争',NULL,NULL,0.0,NULL),(359,'战狼2','images/war20.jpg',NULL,'战争',NULL,NULL,0.0,NULL),(360,'烽火逐金','images/war22.jpg',NULL,'战争',NULL,NULL,0.0,NULL),(361,'比利·林恩的中场战事','images/war23.jpg',NULL,'战争',NULL,NULL,0.0,NULL),(362,'红色圩场','images/war24.jpg',NULL,'战争',NULL,NULL,0.0,NULL),(363,'绝战','images/war25.jpg',NULL,'战争',NULL,NULL,0.0,NULL),(364,'士兵的荣耀','images/war26.jpg',NULL,'战争',NULL,NULL,0.0,NULL),(365,'大象林旺之一炮成名','images/war27.jpg',NULL,'战争',NULL,NULL,0.0,NULL),(366,'战狼','images/war28.jpg',NULL,'战争',NULL,NULL,0.0,NULL),(367,'我不是王毛','images/war29.jpg',NULL,'战争',NULL,NULL,0.0,NULL),(368,'先锋之那时青春','images/war30.jpg',NULL,'战争',NULL,NULL,0.0,NULL),(369,'夺金四贱客','images/Germany03.jpg',NULL,'德国',NULL,NULL,0.0,NULL),(370,'海贼大冒险','images/Germany04.jpg',NULL,'德国',NULL,NULL,0.0,NULL),(371,'萌宠特工队','images/Germany05.jpg',NULL,'德国',NULL,NULL,0.0,NULL),(372,'极速逃脱','images/Germany06.jpg',NULL,'德国',NULL,NULL,0.0,NULL),(373,'三傻闹地球','images/Germany07.jpg',NULL,'德国',NULL,NULL,0.0,NULL),(374,'我是谁：没有绝对安全的系统','images/Germany08.jpg',NULL,'德国',NULL,NULL,0.0,NULL),(375,'我的阿呆弟弟','images/Germany09.jpg',NULL,'德国',NULL,NULL,0.0,NULL),(376,'24周','images/Germany10.jpg',NULL,'德国',NULL,NULL,0.0,NULL),(377,'一只功能失调的猫','images/Germany11.jpg',NULL,'德国',NULL,NULL,0.0,NULL),(378,'柏林孤影','images/Germany12.jpg',NULL,'德国',NULL,NULL,0.0,NULL),(379,'小怪物茉莉','images/Germany13.jpg',NULL,'德国',NULL,NULL,0.0,NULL),(380,'我们的父辈','images/Germany14.jpg',NULL,'德国',NULL,NULL,0.0,NULL),(381,'行尸走肉','images/Germany15.jpg',NULL,'德国',NULL,NULL,0.0,NULL),(382,'生化危机5：惩罚','images/Germany16.jpg',NULL,'德国',NULL,NULL,0.0,NULL),(383,'100样东西','images/Germany17.jpg',NULL,'德国',NULL,NULL,0.0,NULL),(384,'爱上露','images/Germany18.jpg',NULL,'德国',NULL,NULL,0.0,NULL),(385,'二战男孩逃生记','images/Germany19.jpg',NULL,'德国',NULL,NULL,0.0,NULL),(386,'第七个小矮人','images/Germany20.jpg',NULL,'德国',NULL,NULL,0.0,NULL),(387,'五个女人','images/Germany21.jpg',NULL,'德国',NULL,NULL,0.0,NULL),(388,'神医','images/Germany22.jpg',NULL,'德国',NULL,NULL,0.0,NULL),(389,'托尼·厄德曼','images/Germany23.jpg',NULL,'德国',NULL,NULL,0.0,NULL),(390,'黎明之前','images/Germany24.jpg',NULL,'德国',NULL,NULL,0.0,NULL),(391,'爱的阴暗面','images/Germany25.jpg',NULL,'德国',NULL,NULL,0.0,NULL),(392,'汤姆·索亚历险记','images/Germany26.jpg',NULL,'德国',NULL,NULL,0.0,NULL),(393,'德国往事','images/Germany27.jpg',NULL,'德国',NULL,NULL,0.0,NULL),(394,'维多利亚','images/Germany28.jpg',NULL,'德国',NULL,NULL,0.0,NULL),(395,'快乐的人们','images/Germany29.jpg',NULL,'德国',NULL,NULL,0.0,NULL),(396,'西方','images/Germany30.jpg',NULL,'德国',NULL,NULL,0.0,NULL);

/*Table structure for table `user` */

DROP TABLE IF EXISTS `user`;

CREATE TABLE `user` (
  `id` int(7) NOT NULL AUTO_INCREMENT,
  `name` varchar(20) DEFAULT NULL,
  `username` varchar(20) NOT NULL,
  `password` varchar(32) NOT NULL,
  `online` int(1) DEFAULT '0' COMMENT '1表示在线，0表示不再线',
  `role` int(1) DEFAULT '0' COMMENT '0表示是会员，1表示不是',
  PRIMARY KEY (`id`)
) ENGINE=InnoDB AUTO_INCREMENT=22 DEFAULT CHARSET=utf8;

/*Data for the table `user` */

insert  into `user`(`id`,`name`,`username`,`password`,`online`,`role`) values (1,'movieuser1','movieuser1','movieuser1',0,0),(2,'movieuser2','movieuser2','movieuser2',0,0),(3,'movieuser3','movieuser3','movieuser3',0,0),(4,'movieuser4','movieuser4','movieuser4',0,0),(5,'movieuser5','movieuser5','movieuser5',0,0),(6,'movieuser6','movieuser6','movieuser6',0,0),(7,'movieuser7','movieuser7','movieuser7',0,0),(8,'movieuser8','movieuser8','movieuser8',0,0),(9,'movieuser9','movieuser9','movieuser9',0,0),(10,'movieuser10','movieuser10','movieuser10',0,0),(11,'movieuser11','movieuser11','movieuser11',0,0),(12,'movieuser12','movieuser12','movieuser12',0,0),(13,'movieuser13','movieuser13','movieuser13',0,0),(14,'movieuser14','movieuser14','movieuser14',0,0),(15,'movieuser15','movieuser15','movieuser15',0,0),(16,'movieuser16','movieuser16','movieuser16',0,0),(17,'movieuser17','movieuser17','movieuser17',0,0),(18,'movieuser18','movieuser18','movieuser18',0,0),(19,'movieuser19','movieuser19','movieuser19',0,0),(20,'movieuser20','movieuser20','movieuser20',0,0),(21,'danbingbing','danbingbing1','danbingbing1',0,0);

/*Table structure for table `user_movie` */

DROP TABLE IF EXISTS `user_movie`;

CREATE TABLE `user_movie` (
  `um_id` int(7) NOT NULL AUTO_INCREMENT,
  `mov_id` int(7) DEFAULT NULL,
  `user_id` int(7) DEFAULT NULL,
  `mov_grade` int(1) DEFAULT '0' COMMENT '给电影评分(1-5)',
  PRIMARY KEY (`um_id`),
  KEY `mov_id` (`mov_id`),
  KEY `user_id` (`user_id`),
  CONSTRAINT `user_movie_ibfk_1` FOREIGN KEY (`mov_id`) REFERENCES `movie` (`m_id`),
  CONSTRAINT `user_movie_ibfk_2` FOREIGN KEY (`user_id`) REFERENCES `user` (`id`)
) ENGINE=InnoDB AUTO_INCREMENT=5 DEFAULT CHARSET=utf8;

/*Data for the table `user_movie` */

insert  into `user_movie`(`um_id`,`mov_id`,`user_id`,`mov_grade`) values (1,1,1,4),(2,2,1,5),(3,5,1,4),(4,3,1,3);

/*!40101 SET SQL_MODE=@OLD_SQL_MODE */;
/*!40014 SET FOREIGN_KEY_CHECKS=@OLD_FOREIGN_KEY_CHECKS */;
/*!40014 SET UNIQUE_CHECKS=@OLD_UNIQUE_CHECKS */;
/*!40111 SET SQL_NOTES=@OLD_SQL_NOTES */;
